SQL> @employee;
create table employee
             *
ERROR at line 1:
ORA-00955: name is already used by an existing object 


SQL> drop employee;
drop employee
     *
ERROR at line 1:
ORA-00950: invalid DROP option 


SQL> drop employee;
drop employee
     *
ERROR at line 1:
ORA-00950: invalid DROP option 


SQL> drop table employee
  2  /

Table dropped.

SQL> @employee;

Table created.

SQL> clear screen

SQL> edit insert_employee;

SQL> @insert_employee;
Enter value for ecode: E001
Enter value for name: AMRESH
Enter value for post: MANEGER
Enter value for sal: 50000
old   2: values('&Ecode','&Name','&post',&sal)
new   2: values('E001','AMRESH','MANEGER',50000)

1 row created.

SQL> /
Enter value for ecode: E002
Enter value for name: AMIT
Enter value for post: EXECUTIVE
Enter value for sal: 30000
old   2: values('&Ecode','&Name','&post',&sal)
new   2: values('E002','AMIT','EXECUTIVE',30000)

1 row created.

SQL> /
Enter value for ecode: E003
Enter value for name: RAJNISH SINGH
Enter value for post: CEO
Enter value for sal: 60000
old   2: values('&Ecode','&Name','&post',&sal)
new   2: values('E003','RAJNISH SINGH','CEO',60000)

1 row created.

SQL> select * from employee;

ECODE      NAME                 POST              SAL                           
---------- -------------------- ---------- ----------                           
E001       AMRESH               MANEGER         50000                           
E002       AMIT                 EXECUTIVE       30000                           
E003       RAJNISH SINGH        CEO             60000                           

3 rows selected.

SQL> edit payment

SQL> @payment;
(ecode varcher2(10) constraint fk_ecode foreign key references by employee(ecode) not null,name varchar2(20) not null,
               *
ERROR at line 2:
ORA-00907: missing right parenthesis 


SQL> edit payment

SQL> @payment;
(ecode varchar2(10) constraint fk_ecode foreign key references by employee(ecode) not null,name varchar2(20) not null,
                    *
ERROR at line 2:
ORA-02253: constraint specification not allowed here 


SQL> edit payment

SQL> @payment;
(ecode varchar2(10) constraint fk_ecode foreign key  employee(ecode) not null,name varchar2(20) not null,
                    *
ERROR at line 2:
ORA-02253: constraint specification not allowed here 


SQL> edit payment

SQL> @payment;
(ecode varchar2(10) constraint fk_ecode references by foreign key  employee(ecode) not null,name varchar2(20) not null,
                                                   *
ERROR at line 2:
ORA-00903: invalid table name 


SQL> edit payment

SQL> @payment;
(ecode varchar2(10) constraint fk_ecode references  foreign key  employee(ecode) not null,name varchar2(20) not null,
                                                            *
ERROR at line 2:
ORA-00907: missing right parenthesis 


SQL> edit payment

SQL> @payment;

Table created.

SQL> desc payment;
 Name                                      Null?    Type
 ----------------------------------------- -------- ----------------------------
 ECODE                                     NOT NULL VARCHAR2(10)
 NAME                                      NOT NULL VARCHAR2(20)
 SAL                                       NOT NULL NUMBER

SQL> edit insert_payment;

SQL> @insert_payment;
Enter value for ecode: E001
Enter value for name: AMRESH
Enter value for sal: 50000
old   2: values('&Ecode','&name',&sal)
new   2: values('E001','AMRESH',50000)

1 row created.

SQL> /
Enter value for ecode: E002
Enter value for name: AMIT
Enter value for sal: 30000
old   2: values('&Ecode','&name',&sal)
new   2: values('E002','AMIT',30000)

1 row created.

SQL> /
Enter value for ecode: E003
Enter value for name: RAJNISH
Enter value for sal: 60000
old   2: values('&Ecode','&name',&sal)
new   2: values('E003','RAJNISH',60000)

1 row created.

SQL> SELECT * FROM PAYMENT;

ECODE      NAME                        SAL                                      
---------- -------------------- ----------                                      
E001       AMRESH                    50000                                      
E002       AMIT                      30000                                      
E003       RAJNISH                   60000                                      

3 rows selected.

SQL> ALTER PAYMENT ADD MONTH VARCHAR2(10);
ALTER PAYMENT ADD MONTH VARCHAR2(10)
      *
ERROR at line 1:
ORA-00940: invalid ALTER command 


SQL> ALTER PAYMENT ADD COLUMN MONTH VARCHAR2(10) NOT NULL;
ALTER PAYMENT ADD COLUMN MONTH VARCHAR2(10) NOT NULL
      *
ERROR at line 1:
ORA-00940: invalid ALTER command 


SQL> ALTER TABLE PAYMENT ADDN MONTH VARCHAR2(10) NOT NULL;
ALTER TABLE PAYMENT ADDN MONTH VARCHAR2(10) NOT NULL
                    *
ERROR at line 1:
ORA-01735: invalid ALTER TABLE option 


SQL> ALTER TABLE PAYMENT ADDN MONTH VARCHAR2(10);
ALTER TABLE PAYMENT ADDN MONTH VARCHAR2(10)
                    *
ERROR at line 1:
ORA-01735: invalid ALTER TABLE option 


SQL> ALTER  PAYMENT ADD MONTH VARCHAR2(10);
ALTER  PAYMENT ADD MONTH VARCHAR2(10)
       *
ERROR at line 1:
ORA-00940: invalid ALTER command 


SQL> ALTER  PAYMENT ADD COLUMN( MONTH VARCHAR2(10));
ALTER  PAYMENT ADD COLUMN( MONTH VARCHAR2(10))
       *
ERROR at line 1:
ORA-00940: invalid ALTER command 


SQL> ALTER  PAYMENT ADD  MONTH VARCHAR2(10);
ALTER  PAYMENT ADD  MONTH VARCHAR2(10)
       *
ERROR at line 1:
ORA-00940: invalid ALTER command 


SQL> EXIT
